broker, nTopics, nNotifications, nSubscriptions, msgSize, notificationFreq, Avg. Throughput, Avg. Delay, Avg. CPU(ns), Avg. CPU(%), Avg. Memory(B), rxBytes, rxPackets, txBytes, txPackets
activemq-broker,100,100000,10000,100,5000,617,71471.0,1.75789367051E11,147.339,64.1137,8.10854508E8,6266448.0,2.446991723E9,7885187.0
activemq-broker,100,100000,10000,100,10000,657,71897.0,1.81372777036E11,185.14,63.7776,8.01909729E8,6135300.0,2.279739562E9,7329092.0
activemq-broker,100,100000,10000,100,15000,648,74902.0,1.81115716624E11,184.129,71.6083,8.06026598E8,6167837.0,2.317290712E9,7269893.0
activemq-broker,100,100000,10000,100,20000,649,74215.0,1.87210025983E11,183.321,72.7139,8.02404711E8,6022326.0,2.280877372E9,7216065.0
activemq-broker,100,100000,10000,100,30000,647,75557.0,1.91297052846E11,183.03,69.8067,8.0411756E8,6055979.0,2.257770567E9,7346403.0
